<?xml version="1.0"?>
 <!--
/**
 * Copyright © 2016 Magento. All rights reserved.
 * See COPYING.txt for license details.
 */
-->
<config xmlns:xsi="http://www.w3.org/2001/XMLSchema-instance" xsi:noNamespaceSchemaLocation="urn:magento:framework:ObjectManager/etc/config.xsd">    
    <type name="CollinsHarper\Moneris\Controller\Api\Asynchronous">
        <plugin name="pluginCheckHosted" type="CollinsHarper\Moneris\Plugin\HostedPlugin" sortOrder="10" disabled="false"/>
    </type>
    <!-- Configuration reader -->
    <type name="CyberSource\Moneris\Model\Config">
        <arguments>
            <argument name="pathPattern" xsi:type="const">Magento\Payment\Gateway\Config\Config::DEFAULT_PATH_PATTERN</argument>
            <argument name="methodCode" xsi:type="const">CollinsHarper\Moneris\Model\ConfigProvider::CC_VAULT_CODE</argument>
        </arguments>
    </type>
</config>
