<?xml version="1.0"?>
<!--
/**
 * Venustheme
 * 
 * NOTICE OF LICENSE
 * 
 * This source file is subject to the Venustheme.com license that is
 * available through the world-wide-web at this URL:
 * http://www.venustheme.com/license-agreement.html
 * 
 * DISCLAIMER
 * 
 * Do not edit or add to this file if you wish to upgrade this extension to newer
 * version in the future.
 * 
 * @category   Venustheme
 * @package    Ves_Megamenu
 * @copyright  Copyright (c) 2016 Venustheme (http://www.venustheme.com/)
 * @license    http://www.venustheme.com/LICENSE-1.0.html
 */
-->
<config xmlns:xsi="http://www.w3.org/2001/XMLSchema-instance" xsi:noNamespaceSchemaLocation="../../../Config/etc/system_file.xsd">
	<system>
		<tab id="venustheme" translate="label" sortOrder="400">
			<label>Venustheme Extensions</label>
		</tab>
		<section id="vesmegamenu" translate="label" type="text" sortOrder="0" showInDefault="1" showInWebsite="1" showInStore="1">
			<class>separator-top</class>
			<label>Mega Menu</label>
			<tab>venustheme</tab>
			<resource>Ves_Megamenu::config_megamenu</resource>
			<group id="general_settings" translate="label" type="text" sortOrder="0" showInDefault="1" showInWebsite="1" showInStore="1">
				<label>General Settings</label>
				<field id="enable_backup" translate="label comment" type="select" sortOrder="0" showInDefault="1" showInWebsite="1" showInStore="1">
					<label>Enable Auto Backup Tool</label>
					<source_model>Magento\Config\Model\Config\Source\Yesno</source_model>
					<comment><![CDATA[Allow backup a menu version after save menu]]></comment>
				</field>
				<field id="backup_version" translate="label comment" type="text" sortOrder="10" showInDefault="1" showInWebsite="1" showInStore="1">
					<label>Number Backup Version</label>
					<source_model>Magento\Config\Model\Config\Source\Yesno</source_model>
					<depends><field id="enable_backup">1</field></depends>
					<validate>validate-number</validate>
				</field>
			</group>
		</section>
	</system>
</config>