<?xml version="1.0"?>
<!--
/**
 * Copyright © 2016 Collins Harper. All rights reserved.
 * See LICENSE.txt for license details. 
 */
-->
<config xmlns:xsi="http://www.w3.org/2001/XMLSchema-instance" xsi:noNamespaceSchemaLocation="urn:magento:framework:ObjectManager/etc/config.xsd">
    <type name="CollinsHarper\Moneris\Model\Method\Payment">
        <arguments>
            <argument name="session" xsi:type="object">Magento\Backend\Model\Session\Quote</argument>
            <argument name="data" xsi:type="array">
                <item name="formBlockType" xsi:type="string">CollinsHarper\Moneris\Block\Adminhtml\Listing</item>
            </argument>
        </arguments>
    </type>

    <type name="CollinsHarper\Moneris\Block\Adminhtml\Listing">
        <arguments>
            <argument name="checkoutSession" xsi:type="object">Magento\Checkout\Model\Session</argument>
        </arguments>
    </type>
</config>
